"nrounds","max_depth","eta","train_mse","param_idx"
100,3,0.1,7.14122656489804,1
200,3,0.1,5.56451012506603,2
500,3,0.1,2.97962588935395,3
100,6,0.1,2.10469919605083,4
200,6,0.1,0.901033420806314,5
500,6,0.1,0.0793075735790053,6
100,9,0.1,0.155668352571299,7
200,9,0.1,0.0210682544156951,8
500,9,0.1,6.5441901695429e-05,9
100,3,0.01,22.6121697587238,10
200,3,0.01,13.0241811370489,11
500,3,0.01,8.62080607199749,12
100,6,0.01,17.4948106260149,13
200,6,0.01,7.68638327902605,14
500,6,0.01,3.60707848247461,15
100,9,0.01,14.6577863497362,16
200,9,0.01,4.20937288665479,17
500,9,0.01,0.570805352939643,18
100,3,0.001,62.8752480860666,19
200,3,0.001,54.6084923784069,20
500,3,0.001,37.2483575540038,21
100,6,0.001,61.6735791083678,22
200,6,0.001,52.5109429152905,23
500,6,0.001,33.3454919516622,24
100,9,0.001,61.2462404083233,25
200,9,0.001,51.7090799090525,26
500,9,0.001,31.5804292247525,27
100,3,0.1,6.5713374635177,1
200,3,0.1,5.2486562088775,2
500,3,0.1,2.88855969045977,3
100,6,0.1,2.06410091591852,4
200,6,0.1,0.852645080704378,5
500,6,0.1,0.0770489352714656,6
100,9,0.1,0.171672652826809,7
200,9,0.1,0.0231198075299318,8
500,9,0.1,7.96407153928901e-05,9
100,3,0.01,21.9205451005695,10
200,3,0.01,12.1406034956748,11
500,3,0.01,7.81507594746868,12
100,6,0.01,16.6354234366487,13
200,6,0.01,7.15887423134556,14
500,6,0.01,3.25203019384276,15
100,9,0.01,14.1829986438067,16
200,9,0.01,3.86571598215174,17
500,9,0.01,0.501141296705004,18
100,3,0.001,62.3444502027545,19
200,3,0.001,54.1410238125771,20
500,3,0.001,36.7100235423152,21
100,6,0.001,61.0363117119685,22
200,6,0.001,51.760452751821,23
500,6,0.001,32.4967645122115,24
100,9,0.001,60.5913840066126,25
200,9,0.001,50.9749171088852,26
500,9,0.001,30.8751990673217,27
100,3,0.1,6.58500523074956,1
200,3,0.1,5.15986978998149,2
500,3,0.1,2.85583866277369,3
100,6,0.1,2.18336871936209,4
200,6,0.1,0.854351981286945,5
500,6,0.1,0.0632558017741628,6
100,9,0.1,0.146134705390336,7
200,9,0.1,0.0191587361908134,8
500,9,0.1,4.27386554338612e-05,9
100,3,0.01,21.892160703375,10
200,3,0.01,12.3124242907068,11
500,3,0.01,7.89064476062955,12
100,6,0.01,16.6064141150656,13
200,6,0.01,7.16437836594247,14
500,6,0.01,3.45663280774611,15
100,9,0.01,14.0095731936575,16
200,9,0.01,3.7817717602229,17
500,9,0.01,0.486112407406378,18
100,3,0.001,61.7420087238845,19
200,3,0.001,53.6599499345009,20
500,3,0.001,36.4749270288896,21
100,6,0.001,60.3845512976985,22
200,6,0.001,51.2406924960717,23
500,6,0.001,32.2487171630603,24
100,9,0.001,60.0124227828798,25
200,9,0.001,50.5342325123395,26
500,9,0.001,30.6107325194809,27
100,3,0.1,6.70819018620876,1
200,3,0.1,5.22265560736752,2
500,3,0.1,2.80690254612824,3
100,6,0.1,2.08307252342338,4
200,6,0.1,0.856794862508032,5
500,6,0.1,0.0727785800938651,6
100,9,0.1,0.223537364634471,7
200,9,0.1,0.0288143213069594,8
500,9,0.1,8.60869924642815e-05,9
100,3,0.01,21.6632576590617,10
200,3,0.01,12.2436335612749,11
500,3,0.01,8.00797147361764,12
100,6,0.01,16.4358938582972,13
200,6,0.01,7.20680406439863,14
500,6,0.01,3.30634880113001,15
100,9,0.01,13.9312100779965,16
200,9,0.01,4.07578312107178,17
500,9,0.01,0.640644364835603,18
100,3,0.001,59.7068889871615,19
200,3,0.001,51.998593456507,20
500,3,0.001,35.6402395844338,21
100,6,0.001,58.4446899064612,22
200,6,0.001,49.6755425432631,23
500,6,0.001,31.4496647238197,24
100,9,0.001,58.0743849891597,25
200,9,0.001,49.0023113172372,26
500,9,0.001,29.9026487172599,27
100,3,0.1,6.67441374170952,1
200,3,0.1,5.18737327758844,2
500,3,0.1,2.73338850358831,3
100,6,0.1,2.04660659831773,4
200,6,0.1,0.808398418619351,5
500,6,0.1,0.0731778134255131,6
100,9,0.1,0.195254114508885,7
200,9,0.1,0.0274063326253509,8
500,9,0.1,8.77278268113018e-05,9
100,3,0.01,22.1214809061954,10
200,3,0.01,12.4008952504949,11
500,3,0.01,8.02698809114853,12
100,6,0.01,16.7687736550595,13
200,6,0.01,7.22583184226915,14
500,6,0.01,3.37328124314056,15
100,9,0.01,14.4093988592663,16
200,9,0.01,3.95859665150369,17
500,9,0.01,0.482686700756868,18
100,3,0.001,62.4629650396353,19
200,3,0.001,54.2591710209128,20
500,3,0.001,36.8859933629237,21
100,6,0.001,61.2026765956607,22
200,6,0.001,51.9614601693428,23
500,6,0.001,32.6874745784977,24
100,9,0.001,60.8335237295886,25
200,9,0.001,51.2628063222738,26
500,9,0.001,31.1688529223423,27
100,3,0.1,6.6110448838137,1
200,3,0.1,5.13571661214332,2
500,3,0.1,2.86637215759861,3
100,6,0.1,2.07092393633433,4
200,6,0.1,0.945751651016529,5
500,6,0.1,0.0849206478368536,6
100,9,0.1,0.172066078722315,7
200,9,0.1,0.0245997504802285,8
500,9,0.1,6.12690231511933e-05,9
100,3,0.01,22.2617911464123,10
200,3,0.01,12.4009488283059,11
500,3,0.01,7.96644893372,12
100,6,0.01,17.038399360251,13
200,6,0.01,7.18203955921862,14
500,6,0.01,3.27150791114963,15
100,9,0.01,14.5191940392127,16
200,9,0.01,3.98984591569158,17
500,9,0.01,0.507980635864716,18
100,3,0.001,63.3835122660279,19
200,3,0.001,55.006178869561,20
500,3,0.001,37.2521139131207,21
100,6,0.001,62.048853977205,22
200,6,0.001,52.6610220767259,23
500,6,0.001,33.1546065316466,24
100,9,0.001,61.663640687023,25
200,9,0.001,51.9056365706382,26
500,9,0.001,31.4849642765605,27
100,3,0.1,6.70699982611096,1
200,3,0.1,5.29303329188679,2
500,3,0.1,2.90047754197732,3
100,6,0.1,2.1143762704979,4
200,6,0.1,0.843638909112433,5
500,6,0.1,0.0683718210988905,6
100,9,0.1,0.229210989615224,7
200,9,0.1,0.0261921370405286,8
500,9,0.1,6.50271538292461e-05,9
100,3,0.01,22.5580058267792,10
200,3,0.01,12.6524803797629,11
500,3,0.01,8.11648658550251,12
100,6,0.01,17.2147315327504,13
200,6,0.01,7.50374514218017,14
500,6,0.01,3.46747668503406,15
100,9,0.01,14.8398349758909,16
200,9,0.01,4.28761403595241,17
500,9,0.01,0.669091132095632,18
100,3,0.001,63.9117074376086,19
200,3,0.001,55.4664024795583,20
500,3,0.001,37.682884788876,21
100,6,0.001,62.6138594351014,22
200,6,0.001,53.108890794013,23
500,6,0.001,33.3900157089662,24
100,9,0.001,62.2769267660529,25
200,9,0.001,52.4977445644061,26
500,9,0.001,31.9458601336224,27
100,3,0.1,6.32467784044354,1
200,3,0.1,5.08076079138599,2
500,3,0.1,2.87069873898985,3
100,6,0.1,1.99022309778198,4
200,6,0.1,0.878786800006086,5
500,6,0.1,0.0764589279916162,6
100,9,0.1,0.226587783239883,7
200,9,0.1,0.0277568861249451,8
500,9,0.1,8.15208027240872e-05,9
100,3,0.01,21.4283182174316,10
200,3,0.01,12.1670240746176,11
500,3,0.01,7.81712736898015,12
100,6,0.01,16.4946098744724,13
200,6,0.01,7.24708202632042,14
500,6,0.01,3.36094298848435,15
100,9,0.01,14.0486602674095,16
200,9,0.01,4.04276677343176,17
500,9,0.01,0.640115792284991,18
100,3,0.001,60.1995712570528,19
200,3,0.001,52.3587333815124,20
500,3,0.001,35.5966620863243,21
100,6,0.001,59.0059605936656,22
200,6,0.001,50.1709868866259,23
500,6,0.001,31.7482574962953,24
100,9,0.001,58.5799552118229,25
200,9,0.001,49.3759617121157,26
500,9,0.001,30.0951945297636,27
100,3,0.1,6.36556561206828,1
200,3,0.1,5.00950643104476,2
500,3,0.1,2.69797447586465,3
100,6,0.1,2.06014937887615,4
200,6,0.1,0.860275663816956,5
500,6,0.1,0.0704829588794686,6
100,9,0.1,0.227059035850767,7
200,9,0.1,0.0254493745874893,8
500,9,0.1,5.61095001152873e-05,9
100,3,0.01,22.0098623006129,10
200,3,0.01,12.3038093261849,11
500,3,0.01,7.79790231642598,12
100,6,0.01,16.7338083354571,13
200,6,0.01,7.20808039476677,14
500,6,0.01,3.32104161753906,15
100,9,0.01,14.442805114126,16
200,9,0.01,4.12760982479026,17
500,9,0.01,0.613284498898883,18
100,3,0.001,61.9591074194629,19
200,3,0.001,53.845006442061,20
500,3,0.001,36.6742572504744,21
100,6,0.001,60.6733774062655,22
200,6,0.001,51.5164118125429,23
500,6,0.001,32.4594286878212,24
100,9,0.001,60.3196114479897,25
200,9,0.001,50.8565775906514,26
500,9,0.001,31.0192264703039,27
100,3,0.1,6.58858745597019,1
200,3,0.1,5.17051532432263,2
500,3,0.1,2.86195963951857,3
100,6,0.1,1.91618646466135,4
200,6,0.1,0.820804733658334,5
500,6,0.1,0.0687326411596439,6
100,9,0.1,0.205812903930885,7
200,9,0.1,0.0221398299240303,8
500,9,0.1,5.6766153652612e-05,9
100,3,0.01,21.489442789179,10
200,3,0.01,12.1199633674341,11
500,3,0.01,7.94192034659245,12
100,6,0.01,16.5971888886426,13
200,6,0.01,7.16051413122797,14
500,6,0.01,3.28358181199089,15
100,9,0.01,14.2233610235815,16
200,9,0.01,4.03482428339157,17
500,9,0.01,0.614975672709765,18
100,3,0.001,61.4711065448053,19
200,3,0.001,53.4602969327407,20
500,3,0.001,36.1674409829576,21
100,6,0.001,60.1503040343995,22
200,6,0.001,51.0202996344911,23
500,6,0.001,32.1089134428976,24
100,9,0.001,59.7617341876459,25
200,9,0.001,50.3323064966799,26
500,9,0.001,30.5927956621397,27
1000,9,0.1,1.10875674511272e-06,1
1200,9,0.1,1.10877586503987e-06,2
1500,9,0.1,1.10877682277794e-06,3
1000,15,0.1,5.37589746902038e-07,4
1200,15,0.1,5.37589748355379e-07,5
1500,15,0.1,5.37589748403231e-07,6
1000,21,0.1,1.86263835787805e-07,7
1200,21,0.1,1.86263836839869e-07,8
1500,21,0.1,1.86263837078408e-07,9
1000,9,0.2,7.91327334725631e-07,10
1200,9,0.2,7.91327334713307e-07,11
1500,9,0.2,7.91327334739372e-07,12
1000,15,0.2,6.092021091492e-07,13
1200,15,0.2,6.09202109142321e-07,14
1500,15,0.2,6.09202109141727e-07,15
1000,21,0.2,2.09691058682168e-07,16
1200,21,0.2,2.09691058683632e-07,17
1500,21,0.2,2.09691058684061e-07,18
1000,9,0.15,1.03350097500286e-06,19
1200,9,0.15,1.0335009741877e-06,20
1500,9,0.15,1.03350097406902e-06,21
1000,15,0.15,6.33792570470141e-07,22
1200,15,0.15,6.3379257052195e-07,23
1500,15,0.15,6.33792570558132e-07,24
1000,21,0.15,1.78645318874074e-07,25
1200,21,0.15,1.78645318889073e-07,26
1500,21,0.15,1.78645318895602e-07,27
1000,9,0.1,1.33834127608253e-06,1
1200,9,0.1,1.33834012154829e-06,2
1500,9,0.1,1.33834011362086e-06,3
1000,15,0.1,5.55815114307468e-07,4
1200,15,0.1,5.55815116056337e-07,5
1500,15,0.1,5.55815116295372e-07,6
1000,21,0.1,1.9478373762298e-07,7
1200,21,0.1,1.94783738458474e-07,8
1500,21,0.1,1.94783738556335e-07,9
1000,9,0.2,9.25467284449223e-07,10
1200,9,0.2,9.25467284434234e-07,11
1500,9,0.2,9.25467284386195e-07,12
1000,15,0.2,5.66722750544036e-07,13
1200,15,0.2,5.66722750556418e-07,14
1500,15,0.2,5.66722750554074e-07,15
1000,21,0.2,2.1271830718576e-07,16
1200,21,0.2,2.12718307190078e-07,17
1500,21,0.2,2.12718307195436e-07,18
1000,9,0.15,9.48987509512044e-07,19
1200,9,0.15,9.489875094528e-07,20
1500,9,0.15,9.48987509412355e-07,21
1000,15,0.15,5.7518186754317e-07,22
1200,15,0.15,5.75181867667621e-07,23
1500,15,0.15,5.75181867673196e-07,24
1000,21,0.15,2.06598157519832e-07,25
1200,21,0.15,2.06598157542954e-07,26
1500,21,0.15,2.06598157563996e-07,27
1000,9,0.1,1.21759567137256e-06,1
1200,9,0.1,1.21756028150913e-06,2
1500,9,0.1,1.21755819881366e-06,3
1000,15,0.1,6.55230396726087e-07,4
1200,15,0.1,6.55230398422045e-07,5
1500,15,0.1,6.55230398450541e-07,6
1000,21,0.1,2.04755769513115e-07,7
1200,21,0.1,2.04755771168984e-07,8
1500,21,0.1,2.0475577152532e-07,9
1000,9,0.2,8.65657680388836e-07,10
1200,9,0.2,8.65657680397353e-07,11
1500,9,0.2,8.65657680405315e-07,12
1000,15,0.2,5.36497248515588e-07,13
1200,15,0.2,5.36497248518759e-07,14
1500,15,0.2,5.36497248519822e-07,15
1000,21,0.2,2.19439521928869e-07,16
1200,21,0.2,2.19439521925331e-07,17
1500,21,0.2,2.19439521920512e-07,18
1000,9,0.15,8.54749680486223e-07,19
1200,9,0.15,8.54749680956338e-07,20
1500,9,0.15,8.5474968103394e-07,21
1000,15,0.15,5.18601492467823e-07,22
1200,15,0.15,5.18601492431421e-07,23
1500,15,0.15,5.18601492371787e-07,24
1000,21,0.15,2.20500400018157e-07,25
1200,21,0.15,2.20500400070553e-07,26
1500,21,0.15,2.20500400086089e-07,27
1000,9,0.1,1.4390389522799e-06,1
1200,9,0.1,1.43904226636376e-06,2
1500,9,0.1,1.43904230452432e-06,3
1000,15,0.1,6.64225936327086e-07,4
1200,15,0.1,6.64225941826236e-07,5
1500,15,0.1,6.64225942373243e-07,6
1000,21,0.1,2.13293331729306e-07,7
1200,21,0.1,2.1329333458385e-07,8
1500,21,0.1,2.13293334835825e-07,9
1000,9,0.2,9.58835724536278e-07,10
1200,9,0.2,9.58835724551449e-07,11
1500,9,0.2,9.58835724580298e-07,12
1000,15,0.2,5.52798879572263e-07,13
1200,15,0.2,5.52798879580301e-07,14
1500,15,0.2,5.52798879590245e-07,15
1000,21,0.2,2.03872930868284e-07,16
1200,21,0.2,2.03872930863219e-07,17
1500,21,0.2,2.03872930860618e-07,18
1000,9,0.15,1.18332604806609e-06,19
1200,9,0.15,1.1833260482469e-06,20
1500,9,0.15,1.18332604822956e-06,21
1000,15,0.15,4.85047543670185e-07,22
1200,15,0.15,4.85047543721757e-07,23
1500,15,0.15,4.85047543778494e-07,24
1000,21,0.15,1.88239913818613e-07,25
1200,21,0.15,1.8823991379567e-07,26
1500,21,0.15,1.88239913775493e-07,27
1000,9,0.1,1.23475163362897e-06,1
1200,9,0.1,1.23474686532795e-06,2
1500,9,0.1,1.23474681180618e-06,3
1000,15,0.1,3.99787257573984e-07,4
1200,15,0.1,3.99787258510544e-07,5
1500,15,0.1,3.99787258597327e-07,6
1000,21,0.1,2.00868417735677e-07,7
1200,21,0.1,2.00868419131022e-07,8
1500,21,0.1,2.00868419482773e-07,9
1000,9,0.2,9.48893792757532e-07,10
1200,9,0.2,9.48893792737831e-07,11
1500,9,0.2,9.48893792732387e-07,12
1000,15,0.2,4.32915271646834e-07,13
1200,15,0.2,4.32915271661882e-07,14
1500,15,0.2,4.32915271667358e-07,15
1000,21,0.2,1.93095104655707e-07,16
1200,21,0.2,1.93095104658482e-07,17
1500,21,0.2,1.93095104661663e-07,18
1000,9,0.15,1.04333136651921e-06,19
1200,9,0.15,1.043331366909e-06,20
1500,9,0.15,1.04333136703023e-06,21
1000,15,0.15,5.40031284213108e-07,22
1200,15,0.15,5.40031284174377e-07,23
1500,15,0.15,5.40031284136047e-07,24
1000,21,0.15,1.89676536807515e-07,25
1200,21,0.15,1.89676536893322e-07,26
1500,21,0.15,1.89676536919453e-07,27
1000,9,0.1,1.26792979458776e-06,1
1200,9,0.1,1.26793745254086e-06,2
1500,9,0.1,1.26793757945925e-06,3
1000,15,0.1,6.17044845304092e-07,4
1200,15,0.1,6.17044849987158e-07,5
1500,15,0.1,6.17044850479282e-07,6
1000,21,0.1,1.95483442806284e-07,7
1200,21,0.1,1.95483444197367e-07,8
1500,21,0.1,1.95483444342146e-07,9
1000,9,0.2,9.00971356351175e-07,10
1200,9,0.2,9.00971356345369e-07,11
1500,9,0.2,9.00971356347248e-07,12
1000,15,0.2,5.6954899368011e-07,13
1200,15,0.2,5.69548993679383e-07,14
1500,15,0.2,5.6954899368221e-07,15
1000,21,0.2,1.86689752686502e-07,16
1200,21,0.2,1.86689752705607e-07,17
1500,21,0.2,1.86689752706562e-07,18
1000,9,0.15,1.06664896598698e-06,19
1200,9,0.15,1.06664896588198e-06,20
1500,9,0.15,1.06664896593055e-06,21
1000,15,0.15,7.01084213414162e-07,22
1200,15,0.15,7.01084213437583e-07,23
1500,15,0.15,7.01084213397771e-07,24
1000,21,0.15,2.41382548132082e-07,25
1200,21,0.15,2.41382548156571e-07,26
1500,21,0.15,2.41382548187815e-07,27
1000,9,0.1,1.20473650959572e-06,1
1200,9,0.1,1.2047287078017e-06,2
1500,9,0.1,1.20472858307648e-06,3
1000,15,0.1,7.49224492195031e-07,4
1200,15,0.1,7.49224493340662e-07,5
1500,15,0.1,7.49224493586828e-07,6
1000,21,0.1,2.20373712632578e-07,7
1200,21,0.1,2.2037371339556e-07,8
1500,21,0.1,2.20373713432221e-07,9
1000,9,0.2,9.06995517668982e-07,10
1200,9,0.2,9.06995517714394e-07,11
1500,9,0.2,9.06995517727208e-07,12
1000,15,0.2,4.78694596932874e-07,13
1200,15,0.2,4.78694596941373e-07,14
1500,15,0.2,4.78694596944626e-07,15
1000,21,0.2,2.30482820615001e-07,16
1200,21,0.2,2.30482820621239e-07,17
1500,21,0.2,2.3048282063062e-07,18
1000,9,0.15,1.02778817439459e-06,19
1200,9,0.15,1.02778817417921e-06,20
1500,9,0.15,1.02778817437241e-06,21
1000,15,0.15,5.60227334346125e-07,22
1200,15,0.15,5.60227334368977e-07,23
1500,15,0.15,5.60227334398395e-07,24
1000,21,0.15,2.12969302833242e-07,25
1200,21,0.15,2.12969302833173e-07,26
1500,21,0.15,2.12969302828578e-07,27
1000,9,0.1,1.08179177505862e-06,1
1200,9,0.1,1.08178035881292e-06,2
1500,9,0.1,1.08177997963952e-06,3
1000,15,0.1,6.7548190696864e-07,4
1200,15,0.1,6.75481907804445e-07,5
1500,15,0.1,6.75481907838615e-07,6
1000,21,0.1,2.57532575932371e-07,7
1200,21,0.1,2.5753257727733e-07,8
1500,21,0.1,2.57532577512715e-07,9
1000,9,0.2,9.55222939930268e-07,10
1200,9,0.2,9.55222939946286e-07,11
1500,9,0.2,9.55222939952104e-07,12
1000,15,0.2,5.6822671399015e-07,13
1200,15,0.2,5.68226714022492e-07,14
1500,15,0.2,5.68226714027341e-07,15
1000,21,0.2,2.2498694831736e-07,16
1200,21,0.2,2.24986948317443e-07,17
1500,21,0.2,2.24986948317017e-07,18
1000,9,0.15,1.13451504270987e-06,19
1200,9,0.15,1.13451504217077e-06,20
1500,9,0.15,1.13451504227666e-06,21
1000,15,0.15,5.43550605321934e-07,22
1200,15,0.15,5.43550605343022e-07,23
1500,15,0.15,5.43550605371029e-07,24
1000,21,0.15,1.92407478214208e-07,25
1200,21,0.15,1.92407478248115e-07,26
1500,21,0.15,1.92407478274487e-07,27
1000,9,0.1,1.15895027110542e-06,1
1200,9,0.1,1.15896146637915e-06,2
1500,9,0.1,1.15896181060113e-06,3
1000,15,0.1,6.59084892545987e-07,4
1200,15,0.1,6.59084893945381e-07,5
1500,15,0.1,6.59084893809834e-07,6
1000,21,0.1,2.07708519591715e-07,7
1200,21,0.1,2.07708520681117e-07,8
1500,21,0.1,2.0770852071701e-07,9
1000,9,0.2,8.15277338871016e-07,10
1200,9,0.2,8.15277338849803e-07,11
1500,9,0.2,8.15277338835131e-07,12
1000,15,0.2,5.28198035142531e-07,13
1200,15,0.2,5.28198035170153e-07,14
1500,15,0.2,5.28198035181712e-07,15
1000,21,0.2,2.11604219607848e-07,16
1200,21,0.2,2.11604219608204e-07,17
1500,21,0.2,2.1160421960892e-07,18
1000,9,0.15,1.10182022963928e-06,19
1200,9,0.15,1.10182022930857e-06,20
1500,9,0.15,1.10182022935913e-06,21
1000,15,0.15,6.63711656729846e-07,22
1200,15,0.15,6.6371165671362e-07,23
1500,15,0.15,6.63711656716363e-07,24
1000,21,0.15,1.88618721982677e-07,25
1200,21,0.15,1.88618721989188e-07,26
1500,21,0.15,1.88618721991028e-07,27
1000,9,0.1,1.21301559080175e-06,1
1200,9,0.1,1.21302064705582e-06,2
1500,9,0.1,1.21302071610234e-06,3
1000,15,0.1,5.70525894596885e-07,4
1200,15,0.1,5.70525895751002e-07,5
1500,15,0.1,5.70525896133647e-07,6
1000,21,0.1,1.72768356582627e-07,7
1200,21,0.1,1.72768357985395e-07,8
1500,21,0.1,1.72768358245627e-07,9
1000,9,0.2,8.98841762786639e-07,10
1200,9,0.2,8.98841762750948e-07,11
1500,9,0.2,8.98841762734922e-07,12
1000,15,0.2,4.68615439572129e-07,13
1200,15,0.2,4.68615439569586e-07,14
1500,15,0.2,4.68615439573077e-07,15
1000,21,0.2,1.76637068511474e-07,16
1200,21,0.2,1.76637068506192e-07,17
1500,21,0.2,1.76637068499774e-07,18
1000,9,0.15,1.03102803046246e-06,19
1200,9,0.15,1.03102803059599e-06,20
1500,9,0.15,1.03102803075594e-06,21
1000,15,0.15,4.94076450727608e-07,22
1200,15,0.15,4.94076450736848e-07,23
1500,15,0.15,4.94076450751633e-07,24
1000,21,0.15,2.11104442730569e-07,25
1200,21,0.15,2.11104442727523e-07,26
1500,21,0.15,2.11104442724711e-07,27
10,9,0.1,14.055085745125,1
20,9,0.1,3.86381305467442,2
10,15,0.1,12.4776273771479,3
20,15,0.1,2.44925410208324,4
10,21,0.1,12.3024104121102,5
20,21,0.1,2.26571407855435,6
10,9,0.2,3.54889747468789,7
20,9,0.2,0.916358107564284,8
10,15,0.2,2.08782163479636,9
20,15,0.2,0.0965489325074291,10
10,21,0.2,1.9445138744316,11
20,21,0.2,0.0852671137208418,12
10,9,0.15,6.79006580696324,13
20,9,0.15,1.53835298391125,14
10,15,0.15,5.05953507374407,15
20,15,0.15,0.457216966898222,16
10,21,0.15,4.87872692975757,17
20,21,0.15,0.420219951591079,18
10,9,0.1,13.341498038115,1
20,9,0.1,3.65210417465854,2
10,15,0.1,11.9499410920751,3
20,15,0.1,2.19005444302171,4
10,21,0.1,11.7428925305697,5
20,21,0.1,2.14078985054782,6
10,9,0.2,3.43509697167631,7
20,9,0.2,0.833138745369849,8
10,15,0.2,1.90942759112656,9
20,15,0.2,0.08483338714708,10
10,21,0.2,1.8344776240797,11
20,21,0.2,0.0777682327295576,12
10,9,0.15,6.27733043346063,13
20,9,0.15,1.49066666715166,14
10,15,0.15,4.81079704044541,15
20,15,0.15,0.418503144195203,16
10,21,0.15,4.66103144663333,17
20,21,0.15,0.375153715840948,18
10,9,0.1,13.3496234610957,1
20,9,0.1,3.64933964700439,2
10,15,0.1,12.0032801945136,3
20,15,0.1,2.23691264097094,4
10,21,0.1,11.825289266544,5
20,21,0.1,2.15828462512337,6
10,9,0.2,3.45998070570304,7
20,9,0.2,0.849480692745906,8
10,15,0.2,1.9654048549172,9
20,15,0.2,0.0903693007131979,10
10,21,0.2,1.86730091037225,11
20,21,0.2,0.0769032334539964,12
10,9,0.15,6.43860604566577,13
20,9,0.15,1.43748463247888,14
10,15,0.15,4.8396676259968,15
20,15,0.15,0.43538219719895,16
10,21,0.15,4.68829554788643,17
20,21,0.15,0.395811910130642,18
10,9,0.1,13.855652448555,1
20,9,0.1,3.81921701992411,2
10,15,0.1,12.4508579210853,3
20,15,0.1,2.37299308306751,4
10,21,0.1,12.3219700272983,5
20,21,0.1,2.26327912563381,6
10,9,0.2,3.54764326144647,7
20,9,0.2,0.880864328423904,8
10,15,0.2,2.03534874578374,9
20,15,0.2,0.0931329229016442,10
10,21,0.2,1.94097723077698,11
20,21,0.2,0.0814752976786318,12
10,9,0.15,6.57735284918988,13
20,9,0.15,1.52795047383769,14
10,15,0.15,5.0758021080947,15
20,15,0.15,0.44865268103834,16
10,21,0.15,4.91676057988644,17
20,21,0.15,0.41809187961927,18
10,9,0.1,13.7153817146363,1
20,9,0.1,3.72938221022711,2
10,15,0.1,12.0687443322452,3
20,15,0.1,2.21519825628558,4
10,21,0.1,11.8224299818133,5
20,21,0.1,2.13257902886225,6
10,9,0.2,3.61882180236319,7
20,9,0.2,0.939084517511902,8
10,15,0.2,1.96452731784956,9
20,15,0.2,0.0855707423686425,10
10,21,0.2,1.83546848532291,11
20,21,0.2,0.0721280015402027,12
10,9,0.15,6.71050464081401,13
20,9,0.15,1.58023175432802,14
10,15,0.15,4.92477090595208,15
20,15,0.15,0.429449245415637,16
10,21,0.15,4.68728448457142,17
20,21,0.15,0.380683994529888,18
10,9,0.1,13.3196219738309,1
20,9,0.1,3.74643634816147,2
10,15,0.1,11.7022440147522,3
20,15,0.1,2.23472996354302,4
10,21,0.1,11.6088299169599,5
20,21,0.1,2.16031050308568,6
10,9,0.2,3.59490990840886,7
20,9,0.2,0.971575247510752,8
10,15,0.2,1.92694646228753,9
20,15,0.2,0.0947242882703638,10
10,21,0.2,1.85030571760777,11
20,21,0.2,0.0795984733891148,12
10,9,0.15,6.55186213566946,13
20,9,0.15,1.63618470781273,14
10,15,0.15,4.76731522062861,15
20,15,0.15,0.445981816602642,16
10,21,0.15,4.67704214579382,17
20,21,0.15,0.414638354871593,18
10,9,0.1,13.3290724930017,1
20,9,0.1,3.86164033481983,2
10,15,0.1,11.7444839236057,3
20,15,0.1,2.23422626325295,4
10,21,0.1,11.5429504014563,5
20,21,0.1,2.15667291091997,6
10,9,0.2,3.72807592013582,7
20,9,0.2,0.912427890741617,8
10,15,0.2,1.97990514717075,9
20,15,0.2,0.0997228653110219,10
10,21,0.2,1.84217362581289,11
20,21,0.2,0.0824427150892175,12
10,9,0.15,6.62961500812341,13
20,9,0.15,1.63261061070664,14
10,15,0.15,4.81005164917482,15
20,15,0.15,0.453085209643147,16
10,21,0.15,4.59912614601795,17
20,21,0.15,0.385407550942207,18
10,9,0.1,13.0782401102775,1
20,9,0.1,3.48482419091197,2
10,15,0.1,11.6924933631789,3
20,15,0.1,2.17110773726239,4
10,21,0.1,11.576100994916,5
20,21,0.1,2.10880906117369,6
10,9,0.2,3.30878575790024,7
20,9,0.2,0.830211180770673,8
10,15,0.2,1.89274328807218,9
20,15,0.2,0.0898302724105315,10
10,21,0.2,1.80347919149306,11
20,21,0.2,0.078621569271224,12
10,9,0.15,6.1858846909096,13
20,9,0.15,1.43142778176074,14
10,15,0.15,4.67409600358459,15
20,15,0.15,0.404976212241279,16
10,21,0.15,4.6018257176876,17
20,21,0.15,0.382609231605712,18
10,9,0.1,13.7806467229151,1
20,9,0.1,3.63726116453487,2
10,15,0.1,12.0333218712783,3
20,15,0.1,2.26982482525891,4
10,21,0.1,11.9978827517739,5
20,21,0.1,2.19484635320314,6
10,9,0.2,3.49177319572091,7
20,9,0.2,0.77235757145636,8
10,15,0.2,2.00040961708364,9
20,15,0.2,0.086830876477491,10
10,21,0.2,1.89051834317907,11
20,21,0.2,0.0765321094877098,12
10,9,0.15,6.61769993788462,13
20,9,0.15,1.40076498217519,14
10,15,0.15,4.89308427432472,15
20,15,0.15,0.425828087374425,16
10,21,0.15,4.81884018790469,17
20,21,0.15,0.409151470063996,18
10,9,0.1,13.6540667043946,1
20,9,0.1,3.79013018191628,2
10,15,0.1,11.9005531470859,3
20,15,0.1,2.25910339619686,4
10,21,0.1,11.7746362093065,5
20,21,0.1,2.15845943166969,6
10,9,0.2,3.47151106886714,7
20,9,0.2,0.772824068343756,8
10,15,0.2,1.98917600375634,9
20,15,0.2,0.10092783397065,10
10,21,0.2,1.85917539219988,11
20,21,0.2,0.0812814295726397,12
10,9,0.15,6.59268822452563,13
20,9,0.15,1.51252878224212,14
10,15,0.15,4.82266408435762,15
20,15,0.15,0.454764336105686,16
10,21,0.15,4.73536071261131,17
20,21,0.15,0.40821496029338,18
